<?xml version="1.0" encoding="utf-8"?>
<extension type="module" version="3.1.0" client="site" method="upgrade">
    <name>Disponibil News</name>
    <author>Ghergic Raul</author>
    <version>1.0.0</version>
    <description>News module for disponibil.ro</description>
    <files>
        <filename>mod_disponibilnews.xml</filename>
        <filename module="mod_disponibilnews">mod_disponibilnews.php</filename>
        <filename>index.html</filename>
        <filename>helper.php</filename>
        <filename>tmpl/default.php</filename>
        <filename>tmpl/index.html</filename>
    </files>
    <config>
    </config>
</extension>